ASM Ticket No,Dealer Code,Dealer Name,City,Rg,tickets
18271,10327,SAI AUTOMOBILES,BELLARY,KAR,#N/A
18271,10328,SITARA MOTORS PVT.LTD,MARGAO,GDD,#N/A
18271,10811,JAGAJAMPI AUTO PVT LTD,BELGAUM,KAR,#N/A
18271,10862,CHANNAMMA MOTORS,HUBLI,KAR,#N/A
18271,11042,SAI AUTOMOBILES,RAICHUR,KAR,#N/A
18271,11046,VKG BAJAJ,GULBARGA,KAR,#N/A
18271,11396,SITARA MOTORS PVT LTD,PANJI,GDD,#N/A
18271,11427,JAGAJAMPI AUTO PVT LTD,GOKAK,KAR,#N/A
18271,11430,JAGAJAMPI AUTO PVT LT,CHIKODI,KAR,#N/A
18271,11437,CHANNAMMA AUTOMOBILES,GADAG,KAR,#N/A
18271,11621,JAI BHAVANI MOTORS,BIDAR,KAR,#N/A
18271,11703,SHREE KAMAKSHI BAJAJ,KOLAR,KAR,#N/A
18271,10118,ARPITA AUTOMOBILES CO.,HASSAN,KAR,#N/A
18271,10630,JAIRAM BAJAJ,CHITRADURGA,KAR,#N/A
18271,10936,JAIN MOTORS,DAVANGARE,KAR,#N/A
55522,10502,ZAIN MOTORS,KASARGOD,KER,#N/A
55522,11971,KVR BIKES,TIRUR,KER,#N/A
55522,11322,JKB MOTORS,ALWAYE,KER,#N/A
55522,10480,POPULAR MOTOR CORPORATION,COCHIN,KER,#N/A
55522,10816,POPULAR MOTOR CORPORATION,ALAPUZHA,KER,#N/A
55522,10839,ROYAL MOTORS,THODUPUZHA,KER,#N/A
55522,11207,SARATHY MOTORS,QUILON,KER,#N/A
55522,11491,KALLINGAL AUTOMOBILES,NEDUMANGAD,KER,#N/A
55522,11729,ESHTA MOTORS PVT LTD,COCHIN,KER,#N/A
55522,10196,K.V.R.MOTORS,CALICUT,KER,#N/A
25043,10370,TIRHUT AUTOMOBILES.,MUZAFFARPUR,BH,#N/A
25043,10923,JAGAT  AUTOMOBILES,MOTIHARI,BH,#N/A
25043,11136,ANANTA BAJAJ,SAMASTIPUR,BH,#N/A
25043,11351,SHREE RAM MOTORS,SITAMARHI,BH,#N/A
25043,11516,PREM AUTOMOBILES,BETTIAH,BH,#N/A
25043,11518,EXCEL AUTO,PATNA,BH,#N/A
25043,11533,SHREE MUNDRIKA AUTO,GOPALGANJ,BH,#N/A
25043,11912,AKARSH AUTO PVT LTD,PATNA,BH,#N/A
32641,10047,BAGGA LINK SERVICE LTD.,NEW DELHI,DEL,#N/A
32641,10124,FAIRDEAL  AUTOMOBILES,NEW DELHI,DEL,#N/A
32641,10274,RAJIV AUTOMOBILES,NEW DELHI,DEL,#N/A
32641,10549,J S AUTOMOBILES,DELHI,DEL,#N/A
32641,10639,DEWAN MOTORS,NEW DELHI,DEL,#N/A
60677,11930,AGARTALA ENTERPRISES PVT LTD,UDAIPUR,TR,#N/A
60677,10034,AMIT MOTORS,KHARAGPUR,WB,#N/A
60677,10125,GOENKA ENGINEERING WORKS,SHILLONG,MG,#N/A
60677,10255,PRIYA MOTORS PVT.LTD.,AGARTALA,TR,#N/A
60677,10310,S.K.AUTOMOBILES,TEZPUR,AS,#N/A
60677,10812,ANIRBAAN ENTERPRISES,BARPETA,AS,#N/A
60677,11021,CHAMPAK AUTOMOBILES,BONGAIGAON,AS,#N/A
60677,11541,S K MOTORS,DIMAPUR,NG,#N/A
60677,11772,UNNATI MOTORS,GUWAHATI,AS,#N/A
60677,10364,SHREE AUTOMOBILES PVT.LTD.,GUWAHATI,AS,#N/A
60677,10604,AMIT MOTORS,MIDNAPORE,WB,#N/A
55514,10099,DEWAN AUTO,NEW DELHI,DEL,#N/A
55514,10288,PARASHAR MOTOR COMPANY,PALWAL,HR,#N/A
55514,10292,ROYAL AUTOMOBILES,NEW DELHI,DEL,#N/A
55514,10680,AMBE AUTO,NEW DELHI,DEL,#N/A
55514,10349,SWADESHI AUTO PVT.LTD.,NEW DELHI,DEL,#N/A
55514,10722,FAIRDEAL AUTOMOBILES,DELHI,DEL,#N/A
55514,10925,T C SALUJA & SONS PVT LTD,FARIDABAD,HR,#N/A
55514,11458,BABA MOTORS,BAHADURGARH,HR,#N/A
55514,11513,ARORA MOTORS,BALLABGARH,HR,#N/A
55514,11545,TARA CHAND SALUJA & SONS,NEW DELHI,DEL,#N/A
46904,10102,BHACHAWAT TRADE VISION PVT.LTD.,MANDSAUR,MP,#N/A
46904,10374,SOJATIA AUTO PVT.LTD.,INDORE,MP,#N/A
46904,10653,RAJPUROHIT BAJAJ,DHAR,MP,#N/A
46904,10854,BHACHAWAT TRADE VISION PVT LTD,NEEMUCH,MP,#N/A
46904,11056,RUKMANI MOTORS PVT LTD,UJJAIN,MP,#N/A
46904,11096,RUKMANI MOTORS PVT LTD,INDORE,MP,#N/A
46904,11116,SHIRANI MOTORS P LTD.,RATLAM,MP,#N/A
46904,11414,RAJPAL AUTOMOTIVE PVT LTD,INDORE,MP,#N/A
46904,11486,CHHAJED AUTOMOBILES,JHABUA,MP,#N/A
46904,11500,KISSAN MOTORS,BARWANI,MP,#N/A
46904,11626,BIYANI AUTOMOBILES,MHOW,MP,#N/A
47603,10335,SILIGURI AUTO WORKS PVT.LTD.,SILIGURI,WB,#N/A
47603,11943,ROLTA CREDIT PRIVATE LIMITED,KOLKATA,WB,#N/A
47603,10644,AUTO MOOVERS,ASANSOL,WB,#N/A
47603,10810,SALUJA AUTOMOBILES,BURDWAN,WB,#N/A
47603,11508,BRAHMACHARI AUTO,COOCH BEHAR,WB,#N/A
47603,10948,ASHIRBAD AUTOMOBILES,BANKURA,WB,#N/A
47603,11026,VISAKAM MOTORS PVT LTD,KOLKATA,WB,#N/A
47603,11132,OSL AUTO PVT.LTD.,KOLKATA,WB,#N/A
47603,11505,OSL AUTO PVT LTD,KOLKATA,WB,#N/A
47603,12074,USG AUTOMOBILES PVT LTD,HOWRAH,WB,#N/A
47603,11957,MIDDYA AUTO CENTRE,ANDUL,WB,#N/A
47629,10042,BHARAT AGENCIES,BHARATPUR,RJ,#N/A
47629,11432,NARAYAN MOTORS,DHOLPUR,RJ,#N/A
47629,10994,STAR AUTOMOTORS PVT LTD,JAIPUR,RJ,#N/A
47629,10231,NIDHI KAMAL CO. PVT. LTD,JAIPUR,RJ,#N/A
47629,10247,P.L.MOTORS LTD.,JAIPUR,RJ,#N/A
47629,11321,SUNRISE MOTORS,JAIPUR,RJ,#N/A
47629,11662,SHREE SHYAM BAJAJ,Jaipur,RJ,#N/A
47629,10296,RAJA MOTORS,JODHPUR,RJ,#N/A
47629,10041,BOMBAY MOTOR COMPANY,JODHPUR,RJ,#N/A
47645,12093,UPPAL  AGENCIES,REWA,MP,#N/A
47645,10123,FOUZDAR FARM EQUIPMENTS,SATNA,MP,#N/A
47645,10395,UPPAL MOTORS,REWA,MP,#N/A
47645,10449,JAYSHREE TRADERS,SHAHDOL,MP,#N/A
47645,10463,K.P. MOTORS,KATNI,MP,#N/A
47645,10690,FRONTIER MOTORS,JABALPUR,MP,#N/A
47645,11408,FRONTIER MOTORS,JABALPUR,MP,#N/A
47645,11415,JAISWAL MOTORS,WAIDHAN,MP,#N/A
47645,11959,SATKAR AUTOMOBILES,NARSINGHPUR,MP,#N/A
47646,10058,AGARWAL SALES,BALLIA,UP,#N/A
47646,10147,HIMALAYA SCOOTERS,AZAMGARH,UP,#N/A
47646,10448,GANDHI AUTO SALES,PRATAPGARH,UP,#N/A
47646,10319,SOCIETY MOTORS LTD.,KANPUR,UP,47646
47646,10911,THE HIND BAJAJ,GHAZIPUR (U P),UP,#N/A
47646,10917,SINGH AUTO AGENCIES,ROBERTSGANJ DIST SONEBHADRA,UP,#N/A
47646,10633,SINGH AUTOMOBILES,FATHEPUR,UP,47646
47646,11347,DHANANJAY BAJAJ,BHADOHI,UP,#N/A
47646,11473,NIHARIKA AUTOMOBILES,JAUNPUR,UP,#N/A
47646,11043,WOODLAND AUTO WHEELS,JAUNPUR,UP,#N/A
47646,10963,UNITED AUTOMOBILES,ALLAHABAD,UP,#N/A
47646,12014,SINGHAL AUTO,AZAMGARH,UP,#N/A
47646,12051,CHANDRA BAJAJ,MAU,UP,#N/A
47646,12013,AGRAWAL MOTORS  ( TYRES ),MIRZAPUR,UP,#N/A
47646,10754,RNG Motors,KANPUR,UP,47646
47646,10679,SOCIETY MOTORS,KANPUR,UP,47646
47646,10471,BANDA TRACTORS BANDA,BANDA,UP,47646
47655,11638,SHISA AUTO,BARODA,GJ,#N/A
47655,10002,A.S.MOTORS,BARODA,GJ,#N/A
47655,10017,AMIN AUTO AGENCIES,ANAND,GJ,#N/A
47655,10063,AMIN MOTORS,NADIAD,GJ,#N/A
47655,10290,RAJENDRA MOTORS,GODHRA,GJ,#N/A
47655,10427,ADITYA BAJAJ,DAHOD,GJ,#N/A
47655,11086,G K BAJAJ,BHUJ-KUTCH,GJ,#N/A
47655,11151,SHIVAM BAJAJ,DABHOI,GJ,#N/A
47655,11465,G K BAJAJ,GANDHIDHAM,GJ,#N/A
47661,10008,AUTO INDIA,SANGLI,MAH,#N/A
47661,10725,FUTURISTIC MOTOR DEALER PVT LTD,KUDAL,MAH,#N/A
47661,11763,KADE AUTOMOBILES,SOLAPUR,MAH,#N/A
47661,10760,ASHWINI MOTORS PVT LTD,CHIPLUN,MAH,#N/A
47661,10902,AHERKAR AUTOMOBILES,SOLAPUR,MAH,#N/A
47661,11266,RAJYOG AUTOMOBILES,KARAD,MAH,#N/A
47661,11267,PANDURANG AUTOMOTIVES,PANDHARPUR,MAH,#N/A
47661,11331,KANSE AUTOLINES,SATARA,MAH,#N/A
47661,11577,KADAM  AUTOLINES,KOLAHPUR,MAH,#N/A
47661,11742,MAHALAXMI BAJAJ,BARSHI,MAH,#N/A
47661,11794,BADSHAH  BAJAJ,ICHALKARANJI,MAH,#N/A
47661,11802,KANASE AUTOMOBILES,MIRAJ,MAH,#N/A
47869,10257,PAGARIYA AUTO CENTRE,JALGAON,MAH,#N/A
47869,10432,WASAN & SONS,NASHIK,MAH,#N/A
47869,11206,ROYAL MOTORS,DHULE,MAH,#N/A
47869,11216,MAYUR WHEELS,MALEGAON,MAH,#N/A
47869,11411,GIRIRAJ ENTERPRISES,SANGAMNER,MAH,#N/A
47869,11431,HERAMMBA AUTO,CHALISGAON,MAH,#N/A
47869,11543,WASAN & SONS,NASHIK,MAH,#N/A
47869,11690,RUSHI AUTOMOBILES,NANDURBAR,MAH,#N/A
47869,12029,SHOURYA BAJAJ,NIPHAD,MAH,#N/A
55903,11803,FORTUNE BAJAJ,SURAT,GJ,#N/A
55903,11920,SHIVAM  BIKE,SURAT,GJ,#N/A
55903,11057,MAHALAXMI MOTORS,NAVSARI,GJ,#N/A
55903,10106,AAKAR MOTORS,VAPI,GJ,#N/A
55903,10971,GUJARAT MOTORS PVT LTD,SURAT,GJ,#N/A
55903,11171,KU & CO,BHARUCH,GJ,#N/A
55903,11433,KENA AUTOMOBILES,ANKLESHWAR,GJ,#N/A
47881,11515,VIHAAN-YASHREE AUTOMOBILES,MEERUT,UP,#N/A
47881,10111,DEVENDRA AUTO,BIJNOR,UP,#N/A
47881,10121,ESPEE ENTERPRISES INDIA,HARDWAR,UT,#N/A
47881,10348,SHIVA SCOOTER AGENCY,GHAZIABAD,UP,#N/A
47881,10398,VIKRANT AUTOMOBILES,MEERUT,UP,#N/A
47881,10418,SUMAN AUTOS,NOIDA,UP,#N/A
47881,10466,ESPEE AUTOMOBILES,ROORKEE,UT,#N/A
47881,10645,JAIN AUTO TRADERS,BARAUT,UP,#N/A
47881,10723,SHIVA SCOOTER AGENCY,SAHIBABAD,UP,#N/A
47881,10832,DEVENDRA AUTO,SAHARANPUR,UP,#N/A
47881,11469,DEVENDRA AUTO,DHAMPUR,UP,#N/A
48238,11867,GALLOPS AUTOMOBILES PRIVATE LIMITED,AHMEDABAD,GJ,#N/A
48238,11849,APCO MOTOLINK PVT LTD,AHMEDABAD,GJ,#N/A
48238,11003,BANSARI AUTOMOBILES PVT LTD,GANDHINAGAR,GJ,#N/A
48238,10000,AMIN AUTOMOBILES,AHMEDABAD,GJ,#N/A
48238,10130,GOODLUCK AUTOMOBILES PVT. LTD.,MEHSANA,GJ,#N/A
48238,10222,MANAN AUTOLINK PVT LTD,AHMEDABAD,GJ,#N/A
48238,11004,SAKAL AUTO,HIMATNAGAR,GJ,#N/A
48238,11282,HET AUTO,AHMEDABAD,GJ,#N/A
48238,11332,ADITYA AUTO,AHMEDABAD,GJ,#N/A
48238,11549,PARTH AUTOLINK,KADI,GJ,#N/A
49783,10139,GEMS AUTOMOBILES LTD.,CHINCHWAD-PUNE,MAH,#N/A
49783,10347,SAI SERVICE STATION  LTD.,PHUGEWADI PUNE,MAH,#N/A
49783,10369,SAI SERVICE STATION LTD,PUNE,MAH,#N/A
49783,10632,GEMS AUTOMOBILES PVT LTS.,PUNE,MAH,#N/A
49783,10935,SAI SERVICE STATION LTD.,KOTHRUD PUNE,MAH,#N/A
49783,10998,GEMS AUTOMOBILES,PUNE,MAH,#N/A
49783,11421,SONAI BAJAJ,INDAPUR,MAH,#N/A
49783,11569,SNK BAJAJ,PUNE,MAH,#N/A
49783,11581,KRISHNA MOTORS,PUNE,MAH,#N/A
49783,25819,SHRI SEVA SERVICES [SCOOTER DIVN),PUNE,MAH,#N/A
49783,11962,MORAYA AUTORIDERS PVT LTD,PUNE,MAH,#N/A
49783,12061,KRISHNA AUTOMOBILES,PUNE,MAH,#N/A
55942,10187,K.P.MUTHA SALES & SERVICE,PARBHANI,MAH,#N/A
55942,10268,PAGARIYA AUTO CENTRE,AURANGABAD,MAH,#N/A
55942,10287,RAJYOG BAJAJ,LATUR,MAH,#N/A
55942,10396,UJWAL ENTERPRISES (INDIA) PVT.LTD,NANDED,MAH,#N/A
55942,10495,AMBRISH AUTOMOBILES,JALNA,MAH,#N/A
55942,10947,SWASTIK BAJAJ,BEED,MAH,#N/A
55942,11048,ASHOK AGRO INPUTS PVT LTD,SILLOD,MAH,#N/A
55942,11381,ASHOK AGRO INPUTS PVT LTD,BULDHANA,MAH,#N/A
55942,11507,RAJYOG  BAJAJ,OSMANABAD,MAH,#N/A
55942,11278,GOENKA MOTORBIKES,AKOLA,MAH,#N/A
55942,11718,TIRUPATI MOTORS,WASHIM,MAH,#N/A
55534,11736,SWASTIK AUTO AGENCIES PVT LTD,JAMSHEDPUR,JH,#N/A
55534,10122,FAIRDEAL AUTOMOBILES PVT.LTD.,JAMSHEDPUR,JH,#N/A
55534,10275,RANJU AUTOMOBILES,BOKARO,JH,#N/A
55534,10928,TORRENT INDUSTRY PRIVATE LIMITED,RANCHI,JH,#N/A
55534,11523,FLAIR MOTORS PVT LTD,DHANBAD,JH,#N/A
55534,11524,ROYAL AUTOMOBILES,CHAIBASA,JH,#N/A
55534,11579,N R AUTOMOBILES,BOKARO,JH,#N/A
55534,11586,ABJ  BAJAJ,GODDA,JH,#N/A
55534,11671,ANKIT  ENTERPRISES,GUMLA,JH,#N/A
33772,11454,SAI ANJANA MOTORS,KOTHAGUDEM,TG,#N/A
33772,11503,M S MOTORS,RAMAGUNDEM,TG,#N/A
33772,10286,STANDARD AUTOMOBILES,KARIMNAGAR,TG,#N/A
33772,10492,MAHI MOTORS,MANCHERIAL,TG,#N/A
33772,10403,VENKATA RAMANA AUTOMOBILES,KHAMMAM,TG,#N/A
55509,11838,MOHANA SAI,ELURU,AP,#N/A
55509,10367,SRI KRISHNA MOTOR & ENGG.WORKS,VIZIANAGARAM,AP,#N/A
55509,10408,VARUN MOTORS,VISHAKHAPATNAM,AP,57252
55509,10490,SAI GAYATRI AUTOMOTIVE PVT LTD,SRIKAKULAM,AP,#N/A
55509,10933,SRI VIJAYALAKSHMI AUTOMOBILES,GUNTUR,AP,#N/A
55509,11031,SAI MOTOR PLAZA,KAKINADA,AP,#N/A
55509,11461,DJM MOTORS,RAJAHMUNDRY,AP,#N/A
55509,11497,MAHA MOTORS,GUNTUR,AP,#N/A
55509,11498,SAI MOTOR PLAZA,AMALAPURAM,AP,#N/A
55509,11548,VARUN MOTORS,BHIMAVARAM,AP,57252
55509,11651,VARUN MOTORS,VISHAKAPATNAM,AP,57252
56225,10022,ARAVALI AUTOMOBILES PVT.LTD.,ALWAR,RJ,#N/A
56225,11750,ALWAR BAJAJ,ALWAR,RJ,#N/A
56225,11764,VIJAY MOTORS,BEHROR,RJ,#N/A
56225,10024,ANJITA ENTERPRISES PVT.LTD.,AJMER,RJ,#N/A
56225,11296,CHARBHUJA  AUTO PVT LTD.,AJMER,RJ,#N/A
56225,11631,SHREE GANPATI ATUOWHEELS PVT LTD,BEAWAR,RJ,#N/A
56225,10761,SANDEEP MOTORS (P) LTD.,BHILWARA,RJ,#N/A
56225,10117,BHARAT TRACTORS PVT. LTD.,BIKANER,RJ,#N/A
56225,11696,GANPATI AUTOMOBILES,BIKANER,RJ,#N/A
56225,11468,J M ENTERPRISES PRIVATE LIMITED,JHUNJHUNU,RJ,#N/A
56225,10162,J.M.ENTERPRISES,SIKAR,RJ,#N/A
54398,11843,BALAMURUGA MOTORS,MADURAI,TN,#N/A
54398,10664,RAJARAJAN MOTORS,PONDICHERRY,PY,#N/A
54398,11966,ACHINTYA AUTOMOBILES,METTUPALAYAM,TN,#N/A
54398,10057,JAIKRISHNAA AUTO PVT LTD.,COIMBATORE,TN,#N/A
54398,10591,JAI AUTOMOBILES,CHENNAI,TN,#N/A
54398,10167,JAI AUTOS,CHENNAI,TN,#N/A
54398,10491,SRI JAI AUTOS PVT LTD,CHENNAI,TN,#N/A
54398,10836,AAKASH AUTOMOBILES PVT LTD,PONDICHERRY,PY,#N/A
54398,11177,R. K. MOTORS,MADURAI,TN,#N/A
54398,11386,SRI AUTOS,COIMBATORE,TN,#N/A
54398,11562,KHIVRAJ AUTOMOBILES & INFRASTRUC-,CHENNAI,TN,#N/A
54398,11740,SAI MOTO CORPS,COIMBATORE,TN,#N/A
54398,11851,POWER BIKES,CHENNAI,TN,#N/A
56022,10066,AUTO WHEELERS,TINSUKIA,AS,#N/A
56022,10076,CLASSIC AUTO CENTRE,SILCHAR,AS,#N/A
56022,10105,BANERJEE AUTO CORPORATION,DURGAPUR,WB,#N/A
56022,10209,MANIPUR MOTORS,IMPHAL,MN,#N/A
56022,10321,STANDARD MOTOR WORKS,AIZWAL,MZ,#N/A
56022,10484,BANERJEE AUTO CORPORATION,SIURI,WB,#N/A
56022,10990,PULU BAJAJ,ITANAGAR,ARP,#N/A
56022,11020,SALIGRAM BRIDHICHAND & COMPANY,DIBRUGARH,AS,#N/A
56022,11517,A H AUTO WORLD,NORTH NAKHIMPUR,AS,#N/A
56022,11587,AKAASH  BAJAJ,JORHAT,AS,#N/A
56022,10149,HIGHWAY BAJAJ,JORHAT,AS,#N/A
54559,11287,ABHINANDAN MOTORS PVT.LTD.,HYDERABAD,TG,#N/A
54559,11277,SELECT AUTOMOBILES,HYDERABAD,TG,#N/A
54559,10452,DECCAN AUTOMOBILES LTD,SECUNDERABAD,TG,#N/A
54559,11261,HAROON MOTORS,MAHABUBNAGAR,TG,54559
54560,10338,SUSEE AUTO SALES AND,MADURAI,TN,#N/A
54560,10341,SUSEE AUTO,TIRUNELVELI,TN,#N/A
54560,10819,SUSEE AUTO,TIRUNELVELI,TN,#N/A
54570,10001,ARUN AUTOMOBILES,NAGPUR,MAH,#N/A
54570,10177,KUSHAL AUTO PVT. LTD.,AMRAVATI,MAH,#N/A
54570,10389,SHRINIWAS MOTORS,WARDHA,MAH,#N/A
54570,10447,RAMANI MOTORS,GONDIA,MAH,#N/A
54570,10753,HIMALAYA BAJAJ,YAVATMAL,MAH,#N/A
54570,11008,SARBANI MOTORS,CHANDRAPUR,MAH,#N/A
54570,11214,PATNI AUTOMOBILES,NAGPUR,MAH,#N/A
54570,11215,PATNI AUTOMOBILES,BUTIBORI-DIST -NAGPUR,MAH,#N/A
54570,11480,I RIDE ENTERPRISES PVT LTD,NAGPUR,MAH,#N/A
54570,11612,AARYAN  MOTORS,BHANDARA,MAH,#N/A
54570,11616,SARBANI  MOTORS,GADCHIROLI,MAH,#N/A
54570,25669,PATNI AUTO SER CENTRE,NAGPUR,MAH,#N/A
57020,10219,M.G.BROTHERS AUTOMOBILES LTD.,NELLORE,AP,#N/A
57020,10279,RITHVIKAA MOTORS,ANANTPUR,AP,#N/A
57020,10326,SRI RAM ENTERPRISES,TIRUPATI,AP,57020
57020,10467,M.G.B. MOTOR & AUTO AGENCIES,KURNOOL,AP,#N/A
57020,10468,BHAGYALAKSHMI AUTOMOBILES,CHITTOOR,AP,57020
57020,10649,HAROON MOTORS,CUDDAPAH,AP,54559
57020,10914,NANDI BAJAJ,NANDYAL,AP,#N/A
57020,11419,RITHVIKAA MOTORS,HINDUPUR,AP,#N/A
57020,11462,SREE GAYATHRI BAJAJ,NELLORE,AP,#N/A
57020,11514,BHARATH  BAJAJ,KURNOOL,AP,#N/A
57020,11683,RAGOVA DEVELOPERS & AUTO SERVICES,TIRUPATI,AP,57020
57020,11865,HAROON MOTORS,PRODDATUR,AP,54559
55983,10134,GUPTA AUTOMOTIVE,BHAGALPUR,BH,#N/A
55983,10302,ROHRI MOTORS,PURNEA,BH,#N/A
55983,10439,CHANDRA PRAKASH AUTOMOBILES,BEGUSARAI,BH,#N/A
55983,10489,MITHILANCHAL  MOTORS,MADHUBANI,BH,#N/A
55983,10769,SHREE BAJAJ,DHARBHANGA,BH,#N/A
55983,11084,S R SALES,BIHARSHARIF,BH,#N/A
55983,11341,PARADISE AUTOMOBILES,SAHARSA,BH,#N/A
55983,11362,DURGESHWARI MOTORS,KISHANGANJ,BH,#N/A
55983,11578,MAHARSHI SANTSEVI MOTORS PRIVATE,KATIHAR,BH,#N/A
55983,11691,JUBILEE  BAJAJ,KHAGARIA,BH,#N/A
56575,10509,DHONKARIA MOTORS,DAUSA,RJ,#N/A
56575,10729,GANAPATI MOTORS,HANUMANGARH,RJ,#N/A
56575,11435,HIMMAT MOTORS,JALORE,RJ,#N/A
56575,11506,OM  SAI  MOTORS,PALI,RJ,#N/A
56575,10912,SHREE AMBA BAJAJ,SRI GANGANAGAR,RJ,#N/A
56575,10693,OM SAI MOTORS,SUMERPUR,RJ,#N/A
55489,10281,PRAKASH AUTO SALES,BASTI,UP,#N/A
55489,10361,SUBHASH TRACTORS,GORAKHPUR,UP,#N/A
55489,11808,GANESH AUTO SALES,DEORIA,UP,#N/A
55489,10443,ANSHUMAN TRADERS,GONDA,UP,#N/A
55489,10704,VINAYAK BAJAJ,VARANASI,UP,#N/A
55489,10759,GHIDIA  AGRO PVT LTD,BAHRAICH,UP,#N/A
55489,11366,GUPTA AUTO SALES,PADRAUNA,UP,#N/A
55489,11457,UDAY AUTOSALES PVT LTD,VARANASI,UP,#N/A
55489,11460,B.K.AUTO SALES,SIDDHARTH NAGAR,UP,#N/A
55489,11470,S.K.MOTORS,MAHARAJGANJ,UP,#N/A
55489,11534,G S PAL AUTO WHEELS PVT LTD,BALRAMPUR,UP,#N/A
55489,10501,SHYAM MOTORS,ORAI,UP,55489
55489,10650,SANTOSH MOTORS,AKBARPUR,UP,55489
54845,10074,CH.PYARE LALL & BROS.(AUTO DIVN) LT,PATHANKOT,PB,#N/A
54845,10089,DOABA AUTOMOBILES,AMRITSAR,PB,#N/A
54845,10103,BABA MOTORS,BATALA,PB,#N/A
54845,10168,JAMMU MOTORS PVT. LTD.,JAMMU,JK,#N/A
54845,10225,NEW STYLE FABRICATORS LTD.,JAMMU,JK,#N/A
54845,10273,RAMPA AUTOS LTD.,NAWANSHAHR,PB,#N/A
54845,10280,PARIS AUTOMOBILES,SRINAGAR,JK,#N/A
54845,10295,RAMPA AUTOS LTD.,HOSHIARPUR,PB,#N/A
54845,10624,BABA MOTORS,TARAN TARAN,PB,#N/A
54845,10659,NARAIN AUTO AGENCY,AMRITSAR,PB,#N/A
54845,10735,DEVIKA AUTOMOBILES (PVT) LTD,UDHAMPUR,JK,#N/A
54845,10956,BABA MOTORS,FEROZPUR,PB,#N/A
54845,11601,MADAAN MOTORS,GURDASPUR,PB,#N/A
54845,11605,RAVI DUTT MOTORS,FEROZPUR,PB,#N/A
56235,10651,RAJ MOTORS,BHADOHI,UP,#N/A
55783,11639,BALKRISHNA AUTO,RAJULA,GJ,#N/A
55783,10277,RAJARSHI AUTO DEALS PVT. LTD.,RAJKOT,GJ,#N/A
55783,10674,MAHESHWARI BAJAJ,MORBI,GJ,#N/A
55783,10860,MAHESHWARI BAJAJ,SURENDRANAGAR,GJ,#N/A
55783,11464,BANSIDHAR AUTO,JAMKHAMBALIYA,GJ,#N/A
55783,11466,PROGRESSIVE MOTORS PVT LTD,RAJKOT,GJ,#N/A
55783,11658,MADHUSUDAN SPICES PVT.LTD.,JAMNAGAR,GJ,#N/A
94978,10285,SURJEET AUTO AGENCY,BHOPAL,MP,#N/A
94978,10342,SANGHI AUTOMOBILES,BHOPAL,MP,#N/A
94978,10451,MAINA SHREE MOTORS,DEWAS,MP,#N/A
94978,10625,MADHUSUDAN BAJAJ,BURHANPUR,MP,#N/A
94978,10835,SUDARSHAN AUTOMOBILES,SEHORE,MP,#N/A
94978,10964,SURJEET AUTO AGENCY,HARDA (M P ),MP,#N/A
94978,11013,PRECIOUS AUTOMOTIVE PVT LTD,KHARGONE,MP,#N/A
94978,11336,SMH MARKETING COMPANY,ITARSI,MP,#N/A
94978,11436,SURJEET AUTO AGENCY,BHOPAL,MP,#N/A
94978,11455,RATHI MOTOS ( SHUJALPUR ) PRIVATE,SHUJALPUR,MP,#N/A
94978,11649,SACHIN BAJAJ,BETUL,MP,#N/A
54320,12094,BALHARA AUTO COMPANY,ASSANDH,HR,#N/A
54320,10120,EKTA AUTOMOBILES,KARNAL,HR,#N/A
54320,10534,PRATAP AUTO (INDIA) PVT LTD,PANCHAKULA,HR,#N/A
54320,10061,A.K.MOTOR COMPANY,KAITHAL,HR,#N/A
54320,10368,SUVIDHA TRADERS,PANIPAT,HR,#N/A
54320,11645,SBJ AGENCIES,AMBALA CANTT,HR,#N/A
54320,10138,GOYAL AUTOMOBILES,AMBALA,HR,#N/A
54320,10238,OM SCOOTERS,SONEPAT,HR,#N/A
54320,10629,SHREE KRISHNA AUTOMOBILES,KURUKSHETRA,HR,#N/A
54320,10203,KRISHNA AUTOMOBILES,JAGADHRI,HR,#N/A
54320,11459,RAJINDERA AUTOMOBILES,PEHOWA,HR,#N/A
54320,11456,BALHARA BAJAJ,ASSANDH,HR,#N/A
55801,10140,CHANDRA MOTORS,ETAH,UP,#N/A
55801,10163,JINDAL AUTOMOTIVE PVT.LTD.,FIROZABAD,UP,#N/A
55801,10181,KHANDELWAL AUTO AGENCIES (P) LTD.,MATHURA,UP,#N/A
55801,10214,MISHRA AUTO CENTRE,ETAWAH,UP,#N/A
55801,10314,SINGH AUTO LINK PVT.LTD.,BULANDSHAHR,UP,#N/A
55801,10322,STANDARD SCOOTERS,FARUKHABAD,UP,#N/A
55801,10344,SHIVA AUTOMOBILES (AUTO DIVN),ALIGARH,UP,#N/A
55801,10363,SHIEL AUTOS,AGRA,UP,#N/A
55801,10500,SHRI VED AUTOMOTIVES PVT.LTD.,AGRA,UP,#N/A
55801,11445,MANGLAM AUTOS,HATHRAS,UP,#N/A
55801,11809,OM AUTOVEHICLES PRIVATE LIMITED,AURIMORE,UP,55801
55801,10705,ANAND AUTOMOBILES,LALITPUR,UP,55801
55801,10235,NATRAJ MOBILES LTD.,JHANSI,UP,55801
55801,11452,DHRUV-TARA AUTOMOBILES PVT LTD,JHANSI,UP,55801
56231,10504,SUSEE AUTO SALES & SERVICES PVT LTD,TIRUCHIRAPALLI,TN,#N/A
56231,11467,SUSEE VEHICLE DEALERS PRIVATE LTD,TENKASI,TN,#N/A
56231,11474,JKK MOTORS,METTUPALAYAM,TN,#N/A
56231,11475,VISHAK MOTORS,CHENNAI,TN,#N/A
49117,10309,SUNIL SCOOTERS PVT.LTD.,CHINDWARA,MP,#N/A
49117,11664,KHANDELWAL AUTOMOTIVE PRIVATE,BILASPUR,CH,#N/A
49117,10590,TRIPUR AUTO,BILASPUR,CH,#N/A
49117,10377,TIRUPATI AUTO AGENCY,KORBA,CH,#N/A
49117,10194,LAXMI AUTOMOBILES,AMBIKAPUR,CH,#N/A
49117,11268,FRONTIER AS BAJAJ,SEONI,MP,#N/A
49117,11726,SAI  AUTOMOBILES,BALAGHAT,MP,#N/A
49117,11446,SHREE SALASAR AUTOMOBILES,JANJGIR,CH,#N/A
49117,10584,JINDAL AUTOMOBILES,RAIGARH,CH,#N/A
55816,11749,BABA BAJAJ,SASARAM,BH,#N/A
55816,10264,PRAYAG CHAND KHETSI DASS,GIRIDIH,JH,#N/A
55816,10731,D K ENTERPRISES,DALTONGANJ,JH,#N/A
55816,10734,JAI BAJRANG BAJAJ,ARRAH,BH,#N/A
55816,10919,SWADESHI BAJAJ,HAZARIBAGH,JH,#N/A
55816,10940,SHAKTI ENTERPRISES,GAYA,BH,#N/A
55816,11417,ABHISHEK AUTO,AURANGABAD,BH,#N/A
55816,11654,NILKANTH BAJAJ,RAMGARH,JH,#N/A
55816,11684,AMARJYOTI AUTO PVT LTD,PATNA,BH,#N/A
55816,10062,SADHANA AUTO AGENCIES PVT LTD,SIWAN,BH,#N/A
47642,10316,SAI SERVICE AGENCY (BOMBAY),MUMBAI,MAH,#N/A
47642,10473,SURYODAY MOTORS,Vasai,MAH,#N/A
47642,10474,SAI SERVICE AGENCY (BOMBAY) LTD.,MUMBAI,MAH,#N/A
47642,10841,SHREE RAM MOTORS PVT LTD,MUMBAI,MAH,#N/A
47642,10852,SURYODAYA MOTORS P LTD.,MIRA ROAD  THANE,MAH,#N/A
47642,11017,SHREERAM MOTORS PVT LTD,THANE (WEST),MAH,#N/A
47642,11272,KANCHAN AUTO PVT LTD.,ULHASNAGAR,MAH,#N/A
47642,11788,ANMOL AUTOMOBILES PVT LTD,BOISER,MAH,#N/A
47642,11812,EXECUTIVE MOTORS PRIVATE LIMITED,MALAD - WEST,MAH,#N/A
47642,11863,SALASAR MULTITRADE PVT LTD,BHIWANDI,MAH,#N/A
55483,11886,ANANT BAJAJ,BANGALORE,KAR,#N/A
55483,10031,AKSHAYA AUTO SERVICE,TUMKUR,KAR,#N/A
55483,10173,KHIVRAJ MOTORS,BANGALORE,KAR,#N/A
55483,10337,SUPREME AUTO DEALERS PVT. LTD.,MANGALORE,KAR,#N/A
55483,10351,SUPREME AUTO DEALERS PVT. LTD.,SHIMOGA,KAR,#N/A
55483,10411,V.S.T.AUTO AGENCY,BANGALORE,KAR,#N/A
55483,10441,KAMATH MOTORS,UDUPI,KAR,#N/A
55483,10479,POPULAR MOTOR CORPORATION,BANGALORE,KAR,#N/A
55483,10665,RAGHAVENDRA MOTORS PVT LTD.,BANGALORE,KAR,#N/A
55483,10670,KALYANI MOTORS,BANGALORE,KAR,#N/A
55483,10677,AMBA AUTO SALES AND SERVICES,BANGALORE,KAR,#N/A
55483,11262,POPULAR MOTOR CORPORATION,MYSORE,KAR,#N/A
55483,11263,STAR AUTOMOBILES,MYSORE,KAR,#N/A
55483,11401,KHIVRAJ MOTORS,BANGALORE,KAR,#N/A
55483,11416,SUPREME AUTO DEALERS,SAGAR,KAR,#N/A
55483,11453,SUPREME AUTO DEALERS (P.) LTD,MANGALORE,KAR,#N/A
55483,11512,KAMATH  MOTORS,KARWAR,KAR,#N/A
55503,10157,INDRA AUTO SERVICE,LAKHIMPUR KHERI,UP,#N/A
55503,10726,SAKET BAJAJ,FAIZABAD,UP,#N/A
55503,11011,SHREE TIRUPATI DISTRIBUTORS PVT LTD,SULTANPUR,UP,#N/A
55503,10730,MAA DURGA AUTOMOBILES,BARABANKI,UP,#N/A
55503,10995,J P AGENCIES,sitapur,UP,#N/A
55503,11472,U S MOTORS,LAKHIPUR KHERI,UP,#N/A
55503,11941,J P SALES CORPORATION,LUCKNOW,UP,#N/A
55503,11963,NAMDHARI BAJAJ PRIVATE LIMITED,LUCKNOW,UP,#N/A
55503,10614,PUSHPA  SALES PVT LTD.,LUCKNOW,UP,#N/A
55503,10986,MEGHA AUTO DEALERS (INDIA) PVT LTD,LUCKNOW,UP,#N/A
55503,11806,P R MOTORS,LUCKNOW,UP,#N/A
55503,11669,YASH AUTOMOBILES,RAE BAREILLY,UP,#N/A
55503,10456,CHATURBHUJ MOTORS,UNNAO,UP,55503
55503,10051,BANSAL MOTORS,HARDOI,UP,55503
55503,11447,MRITUNJAY AUTO SALES & SERVICE,AMBEDKAR NAGAR,UP,#N/A
56243,10126,GUPTA & SONS MOTORS (P) LTD.,GWALIOR,MP,#N/A
56243,10422,TIKARYA MOTORS,CHHATARPUR,MP,#N/A
56243,10185,K.K.SALES & SERVICE,GUNA,MP,#N/A
56243,10430,SHRI RAM AUTO & SERVICE STATION,VIDISHA,MP,#N/A
56243,10373,TIRUPATI MOTORS PVT.LTD.,GWALIOR,MP,#N/A
56243,11413,MAA LAXMI BAJAJ,DAMOH,MP,#N/A
56243,10654,K.K.SALES & SERVICE,SHIVPURI,MP,#N/A
56243,10720,SHASHANK AUTO MARKETING,SAGAR,MP,#N/A
55847,10052,BHAKRA SERVICE STATION (P) LTD,NANGAL,PB,#N/A
55847,10417,SCOOTER AID CENTRE,FARIDKOT,PB,#N/A
55847,10224,MALHOTRA MOTORS,MANDI,HP,#N/A
55847,10237,MAHESH AUTO CENTRE,NALAGARH DIST  SOLAN,HP,#N/A
55847,10599,BHAKARA  SERVICE STATION PVT LTD,ROPAR,PB,#N/A
55847,10289,RAJA MOTORS,BHATINDA,PB,#N/A
55847,10331,SANGAM AUTO SALES,PALAMPUR,HP,#N/A
55847,10365,SANGRUR AUTO PVT.LTD.,SANGRUR,PB,#N/A
55847,10561,SANGRUR AUTOS PVT LTD,MALERKOTLA,PB,#N/A
55847,10564,SANGRUR AUTOS PVT LTD,BARNALA,PB,#N/A
55847,10827,RAJA MOTORS,ABOHAR,PB,#N/A
55847,10993,MEHAR AUTOMOBILES PVT LTD,RAJPURA,PB,#N/A
55517,10461,NAVALADIAN AGENCIES,KARUR,TN,#N/A
55517,10540,SRI MEENAKSHI BIKES,KARAIKUDI,TN,#N/A
55517,11692,PALLAVA MOTORS,CHANGELPET,TN,#N/A
55517,11707,D.N.V.Motorr,Tirupattur,TN,#N/A
55517,12020,VARNA MOTORS,KALLAKURICHI,TN,#N/A
55517,10115,D.N.V. AGENCY,DHARMAPURI,TN,#N/A
55517,10200,KLN AUTOMOBILES PVT. LTD.,CHENNAI,TN,#N/A
55517,10311,SAYAR MOTORS,THIRUVANNAMALAI,TN,#N/A
55517,10339,SUSEE SCOOTER CENTRE,KANCHIPURAM,TN,#N/A
55517,11153,VDS SAYAR BAJAJ,VELLORE,TN,#N/A
55517,10849,PRINCE HARDWARE,PORT BLAIR ANDAMAN,AN,#N/A
55517,11871,AJS AGENCY,VELLORE,TN,#N/A
55578,11451,NIRMALA AUTOMOBILES,MORADABAD,UP,#N/A
55578,11522,CITY MOTORS,BAREILLY,UP,#N/A
55578,10033,AKC BAJAJ,SHAHJAHANPUR,UP,#N/A
55578,10210,MAYUR AUTO PVT.LTD.,DEHRADUN,UT,#N/A
55578,10232,NAGPAL TRADERS,HALDWANI,UT,#N/A
55578,10234,NAGPAL TRADERS,KASHIPUR,UT,#N/A
55578,10317,SHREE BALAJI MOTOR CORPORATION,MORADABAD,UP,#N/A
55578,10442,R.C. AUTOMOBILE,BAREILLY,UP,#N/A
55578,10497,ROYAL BAJAJ,RAMPUR,UP,#N/A
55578,10579,HARI RAM HARI OM,PILIBHIT,UP,#N/A
55578,10595,AHUJA AUTO SALES,BUDAUN,UP,#N/A
55578,10774,CAR CARE CENTRE,AMROHA,UP,#N/A
55752,11741,VSG MOTORS,TIRUPUR,TN,#N/A
55752,11862,JAISAKTHI BAJAJ,TRICHY,TN,#N/A
55752,11856,KRISHNAA AUTOS,TRICHY,TN,#N/A
55752,10060,ARASU AUTOS,THANJAVUR,TN,#N/A
55752,10462,A.V.M. AUTOS,PUDUKKOTTAI,TN,#N/A
55752,10790,MALINISRI MOTORS,CHENNAI,TN,#N/A
55752,10937,SRE SAKTHI CARE,ERODE,TN,#N/A
55752,10949,PREETHEE BAJAJ AUTOMOBILES,SALEM,TN,#N/A
55752,11476,ARASU AUTOS,THIRUVARUR,TN,#N/A
55752,11483,SRI SAIRAM AUTOS,GOBICHETTIPALAYAM,TN,#N/A
55752,11487,ARASU BAJAJ,KUMBAKONAM,TN,#N/A
55752,11492,SWARNAMBIGAI BAJAJ,SALEM,TN,#N/A
55752,11596,KRISHNAA AUTOS,POLLACHI,TN,#N/A
56237,10692,WESTERN BAJAJ,VIRAVAL,GJ,#N/A
56237,11479,YUG BAJAJ,PORBANDAR,GJ,#N/A
56237,11826,AROMA TRADE LINK,BHAVNAGAR,GJ,#N/A
56237,11643,SHIV BAJAJ SALES & SERVICE,UNA,GJ,#N/A
56237,10858,MAHESH SALES CORPORATION,PALANPUR,GJ,#N/A
56237,10503,SHIVAM AUTO AGENCY,PATAN,GJ,#N/A
56073,10086,DADA MOTORS,LUDHIANA,PB,#N/A
56073,10098,DADA MOTORS,JALANDHAR,PB,#N/A
56073,10113,DADA MOTORS,MANDI GOBINDGARH,PB,#N/A
56073,10151,HIND MOTORS LTD.,CHANDIGARH,CD,#N/A
56073,10152,HIND MOTORS LTD.,MOHALI,PB,#N/A
56073,10155,IMPACT AGENCIES PVT.LTD.,LUDHIANA,PB,#N/A
56073,10206,LOVELY AUTOS,JALANDHAR,PB,#N/A
56073,10208,LOVELY AUTOS,PHAGWARA,PB,#N/A
56073,10271,PARTAP AUTO (INDIA) PVT.LTD.,CHANDIGARH,CD,#N/A
56073,10574,LOVELY AUTOS,KAPURTHALA,PB,#N/A
56073,11721,PANKAJ AUTOS PRIVATE LTD,JAGRAON,PB,#N/A
56073,11722,PANKAJ AUTOS PRIVATE LTD,MOGA,PB,#N/A
56246,10005,AUTO CARS (HISSAR),HISSAR,HR,#N/A
56246,10145,RAJA  MOTORS,SIRSA,HR,#N/A
56246,10148,HARSH AUTO CARES,REWARI,HR,#N/A
56246,10192,KRISHNA AUTO SALES,GURGAON,HR,#N/A
56246,10738,FATEHABAD BAJAJ AUTOMOBILES,FATEHABAD,HR,#N/A
56246,10771,BANSAL AUTO SALES,JIND,HR,#N/A
56246,10829,ANSH BAJAJ,ROHTAK,HR,#N/A
56246,10853,SHREE SHYAM BAJAJ,BHIWANI,HR,#N/A
56246,11316,GSM AUTO SPARES PVT LTD,GURGAON,HR,#N/A
56246,11488,SAMRIDHI AUTOMOBILES,HISAR,HR,#N/A
56246,11836,R R MOTORS,NARNAUL,HR,#N/A
56502,12102,SOVAN BAJAJ,CONTAI,WB,#N/A
56502,10420,SALES & SERVICE AUTOMOTIVE PVT. LTD,BERHAMPORE,WB,#N/A
56502,10519,PLANET WHEELS PVT LTD,MALDA,WB,#N/A
56502,11066,S. S. AUTO,KRISHNANAGAR,WB,#N/A
56502,11444,DAS AUTO AGENCY,BASIRHAT,WB,#N/A
56502,11798,BAJAJ WHEELS PVT LTD,RAIGANJ,WB,#N/A
56502,11443,DANKUNI AUTOMOBILES,DANKUNI,WB,#N/A
56502,11509,SOVAN BAJAJ,TAMLUK,WB,#N/A
56502,11807,RAGHUNATHGANJ AUTO,RAGHUNATHGANJ,WB,#N/A
56502,10068,AUTO AQUARIUM,HOOGHLY,WB,#N/A
56474,11719,VINAYAK AUTOMOBILES,BHUBANESHWAR,OR,#N/A
56474,11608,BHARAT  AUTOMOBILES,BALUGAON,OR,#N/A
56474,11364,BAJAPAYEE BAJAJ,Berhampur,OR,#N/A
56474,10895,SHREE BALDEVJEW AUTOMOBILES,KENDRAPADA,OR,#N/A
56474,10741,BAJAPAYEE BAJAJ,NAYAGARH,OR,#N/A
56474,10655,GRAND BAJAJ,PURI,OR,#N/A
56474,11371,SONTHALIA MOTORS PVT.LTD,CUTTACK,OR,#N/A
56474,11640,PARIDA AUTOMOBILES,JAJPUR,OR,#N/A
56474,11781,J R ENTERPRISES,KEONJHAR,OR,#N/A
56756,10727,AGARWAL MOTORS,BARAN,RJ,#N/A
56756,11521,PRASHANT MOTORS,BUNDI,RJ,#N/A
56756,10804,KAUSHAL SALES,JHALARAPATAN,RJ,#N/A
56756,10170,KAMAL AUTO INDUSTRIES,KOTA,RJ,#N/A
56756,11644,SHEIKH AUTOMOTIVE PVT LTD,MAKRANA,RJ,#N/A
56756,10278,RATHI SALES,NAGAUR,RJ,#N/A
56756,10589,KHANDELWAL  MOTORS,SAWAIMADHOPUR,RJ,#N/A
56995,10272,RAM AUTO,DINDIGUL,TN,#N/A
56995,10918,ABIRAMI AUTOS,TIRUCHENGODE,TN,#N/A
56995,11112,AKASH AUTOMOBILES PVT LTD,VILLUPURAM,TN,#N/A
56995,11412,AADHITHYA MOTORS,DHARAPURAM,TN,#N/A
56995,11449,AAKASH AUTOMOBILES PVT LTD,NEYVELI,TN,#N/A
56995,11633,SRI RAM BAJAJ,NAMAKKAL,TN,#N/A
56995,11771,VAIGAI PANDIAN BAJAJ,THENI,TN,#N/A
56995,11841,ROJA AUTOS,TENKASI,TN,#N/A
56995,10306,RAJARAJAN MOTORS,CUDDALORE,TN,#N/A
56890,10375,SHIRODE AUTOMOBILES PVT.LTD.,KOPARGAON,MAH,#N/A
56890,11448,GURU GOBIND AUTOMOBILES,ALIBAG,MAH,#N/A
56890,11333,GURU GOBIND AUTOMOBILES,PANVEL,MAH,#N/A
56890,10952,JAIHIND TRADING COMPANY,NARAYANGAON TAL JUNNER,MAH,#N/A
56890,10694,CHHATRAPATI MOTORS PVT LTD,AHMEDNAGAR,MAH,#N/A
56890,11493,SHIRODE AUTOMOBILES PVT LTD,SHRIRAMPUR,MAH,#N/A
56890,11888,KAMAL MOTORS,BARAMATI,MAH,#N/A
56890,11887,KAMAL MOTORS,PHALTAN,MAH,#N/A
56890,11793,HOLEYDAYS  AUTO SERVICE,TALEGAON DABHADE,MAH,#N/A
56762,11824,MOHTEEJ AUTOMOBILES,CHENNAI,TN,#N/A
56762,11784,V M S MOTORS,CHENNAI,TN,#N/A
56762,10320,SUSEE AUTO LTD.,TUTICORIN,TN,#N/A
56762,10419,VISHAKA AUTO,CHENNAI,TN,#N/A
56762,10721,SUSEE VEHICLE DEALERS PVT LTD,TIRUNELVELI,TN,#N/A
56762,10736,SHAKTHI MOTORS,CHENNAI,TN,#N/A
56762,10842,SUBHALAKSHMI BAJAJ,RAMANATHAPURAM,TN,#N/A
56762,10997,R. K. MOTORS,SIVAKASI,TN,#N/A
56762,11191,SRIVATSA INTERNATIONAL PVT.LTD.,NAGARCOIL,TN,#N/A
56762,11752,SRIVATSA INTERNATIONAL PRIVATE,KUZHITHURAI,TN,#N/A
56762,10745,AKASH BAJAJ,HOSUR,TN,#N/A
56762,11485,KNN BAJAJ,KRISHNAGIRI,TN,#N/A
56812,11972,KVR AUTOMOBILES PVT LTD,PERINTHALMANNA,KER,#N/A
56812,10137,GEO AUTOMOBILES,PATHANAMTHITTA,KER,#N/A
56812,12068,GRAND MOTORS,THRISSUR,KER,#N/A
56812,10092,DEEDI AUTOMOBILES,THIRUVANANTHAPURAM,KER,#N/A
56812,11484,ARCHANA MOTORS,TRICHUR,KER,#N/A
56812,11482,PIONEER MOTORS,TRIVANDRUM,KER,#N/A
56812,10594,ROYAL MOTORS,KOTTAYAM,KER,#N/A
56812,10569,K V R VEHICLES,KANNUR,KER,56812
56812,11208,GRAND MOTORS,PALGHAT,KER,#N/A
56812,10381,SITARAM AUTO SALES & SERVICES,TRICHUR,KER,#N/A
57016,10202,KAKKAD AUTO,RAJNANDGAON,CH,#N/A
57016,10401,VANDANA AUTO,RAIPUR,CH,#N/A
57016,10871,MAHAVIR AUTOMOBILES,JAGDALPUR,CH,#N/A
57016,10954,TIRUPATI AUTO AGENCY,DHAMTARI,CH,#N/A
57016,11009,BHAWANI AUTO,MAHASAMUND,CH,#N/A
57016,11510,VENKATESH MOTORS,DURG,CH,#N/A
57016,11526,CRYSTAL AUTO,RAIPUR,CH,#N/A
57016,11746,OM SAI BAJAJ,BHILAI,CH,#N/A
57202,10393,NAVDURGA AUTO PVT LTD,ROURKELA,OR,#N/A
57202,10554,SUPREME AUTOMOBILES PVT LTD,BALASORE,OR,#N/A
57202,10675,SHANKAR BAJAJ,BHADRAK,OR,#N/A
57202,10686,KALINGA AUTO SERVICES,BHAWANIPATNA,OR,#N/A
57202,10863,UJJAWAL GOVIND AUTO,SAMBALPUR,OR,#N/A
57202,10881,UTKAL AUTO SERVICE,JHARSUGUDA,OR,#N/A
57202,11426,KALINGA AUTOMOBILES,JEYPORE,OR,#N/A
57202,11530,URBASI  BAJAJ,BOLANGIR,OR,#N/A
57202,12066,BALA BAJAJ,BARIPADA,OR,#N/A
57202,11499,SHIVAM BAJAJ,DHENKANAL,OR,#N/A
57202,11647,LAXMI AUTO,BARGARH,OR,#N/A
57202,10164,JAMUNA AUTO,ANGUL,OR,#N/A
56659,11759,BHARAT BIKES PRIVATE LIMITED,BANSWARA,RJ,#N/A
56659,10388,SHREE SURENDRA AUTO CENTRE,CHITTORGARH,RJ,#N/A
56659,10740,RAJMANDIR MOTORS,DUNGARPUR,RJ,#N/A
56659,11590,BADOLA MOTORS PVT LTD,RAJSAMAND,RJ,#N/A
56659,11172,TONK MOTORS,TONK,RJ,#N/A
56659,11361,ROSHANLAL JAIN & CO.,UDAIPUR,RJ,#N/A
56659,11655,RAJMANDIR AUTO PVT LTD,UDAIPUR,RJ,#N/A
57252,10416,VARUN MOTORS,VIJAYAWADA,AP,57252
57252,10529,VARUN MOTORS,GUDIVADA,AP,57252
57252,11712,TIRUMALA MOBIKES PVT LTD,CHIRALA,AP,57252
57252,10597,VARALAKSHMI AUTOMOBILES,TENALI,AP,57252
57252,11713,TIRUMALA MOBIKES PVT LTD,ONGOLE,AP,57252
